{"cameraMode":{"drawMode":0,"name":"Shaded","section":"Shading Mode"},"sceneLighting":true,"audioPlay":false,"sceneViewState":{"m_AlwaysRefresh":false,"showFog":true,"showSkybox":false,"showFlares":true,"showImageEffects":true,"showParticleSystems":true,"showVisualEffectGraphs":true,"m_FxEnabled":true},"in2DMode":false,"pivot":{"x":-0.0074999332427978519,"y":2.2400004863739015,"z":-0.01100015640258789},"rotation":{"x":-0.17645227909088136,"y":0.7484493255615234,"z":-0.2200039029121399,"w":-0.6002616286277771},"size":7.64656400680542,"orthographic":false}