{"cameraMode":{"drawMode":0,"name":"Shaded","section":"Shading Mode"},"sceneLighting":true,"audioPlay":false,"sceneViewState":{"m_AlwaysRefresh":false,"showFog":true,"showSkybox":true,"showFlares":true,"showImageEffects":true,"showParticleSystems":true,"showVisualEffectGraphs":true,"m_FxEnabled":true},"in2DMode":false,"pivot":{"x":0.6477223634719849,"y":1.537879467010498,"z":-137.48081970214845},"rotation":{"x":0.08925409615039826,"y":-0.023902298882603647,"z":0.002142832614481449,"w":0.9957204461097717},"size":0.9339746832847595,"orthographic":false}